"Title","Category","ActionType","Service","MaxScore","Tier","UserImpact","ImplementationCost","Threats"
"Ensure Administrative accounts are separate and cloud-only","Identity","Config","AzureAD","3","Core","Unknown","Unknown","Account breach"
"Ensure the admin consent workflow is enabled","Identity","Config","AzureAD","5","Core",,"Unknown","Data Exfiltration"
"Ensure custom banned passwords lists are used","Identity","Config","AzureAD","5","Core","Unknown","Unknown","Data Exfiltration; Password Cracking; Account breach"
"Ensure 'Microsoft Azure Management' is limited to administrative roles","Identity","Config","AzureAD","3","Core","Unknown","Unknown","Data Exfiltration; Account breach"
"Ensure 'LinkedIn account connections' is disabled","Identity","Config","AzureAD","3","Core","Unknown","Unknown","Data Exfiltration; Account breach"
"Ensure that only organizationally managed/approved public groups exist","Identity","Config","AzureAD","3","Core","Unknown","Unknown","Data Exfiltration"
"Ensure password protection is enabled for on-prem Active Directory","Identity","Config","AzureAD","6","Core","Unknown","Unknown","Data Exfiltration; Password Cracking; Account breach"
"Ensure 'Phishing-resistant MFA strength' is required for Administrators","Identity","Config","AzureAD","7","Core","Unknown","Unknown","Data Exfiltration; Password Cracking; Account breach"
"Ensure Sign-in frequency is enabled and browser sessions are not persistent for Administrative users","Identity","Config","AzureAD","5","Core",,"Unknown","Account breach; Data Exfiltration"
"Ensure third party integrated applications are not allowed","Identity","Config","AzureAD","5","Core",,"Unknown","Account breach; Data Exfiltration"
"Locate accounts in built-in Operator Groups","Identity","Config","Azure ATP","8","Core","high","High",""
"Accounts with non-default Primary Group ID","Identity","Config","Azure ATP","5","Core","Low","low",""
"Change password for accounts with leaked credentials","Identity","Config","AzureAD","5","Core","high","Low",""
"Change password for on-prem account with potentially leaked credentials","Identity","Config","Azure ATP","5","Core","high","Low",""
"Prevent Certificate Enrollment with arbitrary Application Policies (ESC15)","Identity","Config","Azure ATP","5","Core","High","low",""
"Prevent users to request a certificate valid for arbitrary users based on the certificate template (ESC1)","Identity","Config","Azure ATP","5","Core","high","medium",""
"Install Defender for Identity Sensor on ADCS servers ","Identity","Config","Azure ATP","4","Core","Low","High",""
"Edit insecure certificate enrollment IIS endpoints (ESC8)","Identity","Config","Azure ATP","5","Core","medium","low",""
"Edit misconfigured Certificate Authority ACL (ESC7)","Identity","Config","Azure ATP","5","Core","high","low",""
"Edit misconfigured certificate templates ACL (ESC4)","Identity","Config","Azure ATP","5","Core","high","low",""
"Edit overly permissive Certificate Template with privileged EKU (Any purpose EKU or No EKU) (ESC2)","Identity","Config","Azure ATP","5","Core","medium","medium",""
"Edit misconfigured enrollment agent certificate template (ESC3)","Identity","Config","Azure ATP","5","Core","high","medium",""
"Edit misconfigured certificate templates owner (ESC4)","Identity","Config","Azure ATP","5","Core","high","low",""
"Enforce encryption for RPC certificate enrollment interface (ESC11)","Identity","Config","Azure ATP","5","Core","medium","low",""
"Edit vulnerable Certificate Authority setting (ESC6)","Identity","Config","Azure ATP","5","Core","high","low",""
"Install Defender for Identity Sensor on ADFS servers ","Identity","Config","Azure ATP","4","Core","Low","High",""
"Remove access rights on suspicious accounts with the Admin SDHolder permission","Identity","Config","Azure ATP","5","Core","low","low",""
"Change password for Entra seamless SSO account","Identity","Config","Azure ATP","5","Core","high","low",""
"Change password of built-in domain Administrator account","Identity","Config","Azure ATP","5","Core","Low","low",""
"Built-in Active Directory Guest account is enabled","Identity","Config","Azure ATP","5","Core","Medium","low",""
"Change password for krbtgt account","Identity","Config","Azure ATP","5","Core","High","low",""
"Stop clear text credentials exposure","Identity","Config","Azure ATP","5","Core","low","low",""
"Remove stale CyberArk Identity privileged accounts","Identity","Config","Azure ATP","5","Core","Medium","medium",""
"High number of CyberArk Identity accounts with a privileged role assigned","Identity","Config","Azure ATP","5","Core","Medium","medium",""
"Limit the number of CyberArk Identity accounts with system admin role","Identity","Config","Azure ATP","5","Core","Medium","medium",""
"Change password for CyberArk Identity  privileged User accounts ","Identity","Config","Azure ATP","6","Core","Medium","medium",""
"Start your Defender for Identity deployment, installing Sensors on Domain Controllers and other eligible servers.","Identity","Config","Azure ATP","5","Core","low","high",""
"Unsafe permissions on the DnsAdmins group","Identity","Config","Azure ATP","8","Core","high","low",""
"Remove local admins on identity assets","Identity","Config","Azure ATP","5","Core","high","low",""
"Change Domain Controller computer account old password","Identity","Config","Azure ATP","5","Core","Medium","low",""
"Remove dormant accounts from sensitive groups","Identity","Config","Azure ATP","5","Core","low","low",""
"Rotate password for Entra Connect AD DS Connector account","Identity","Config","Azure ATP","3","Core","high","low",""
"Replace Enterprise or Domain Admin account for Entra Connect AD DS Connector account","Identity","Config","Azure ATP","3","Core","Low","low",""
"Remove unnecessary replication permissions for Entra Connect AD DS Connector Account","Identity","Config","Azure ATP","8","Core","high","low",""
"Install Defender for Identity Sensor on Entra Connect servers","Identity","Config","Azure ATP","4","Core","Low","High",""
"Remove unsafe permissions on sensitive Entra Connect accounts","Identity","Config","Azure ATP","9","Core","Low","low",""
"Remove discoverable passwords in Active Directory account attributes","Identity","Config","Azure ATP","8","Core","High","Low",""
"Set a valid password rotation interval for gMSA","Identity","Config","Azure ATP","6","Core","Medium","High",""
"GPO can be modified by unprivileged accounts","Identity","Config","Azure ATP","5","Core","high","low",""
"GPO assigns unprivileged identities to local groups with elevated privileges","Identity","Config","Azure ATP","7","Core","high","low",""
"Reversible passwords found in GPOs","Identity","Config","Azure ATP","8","Core","high","low",""
"Set a honeytoken account","Identity","Config","Azure ATP","1","Core","low","low","Account Breach; Elevation of Privilege; Malicious Insider"
"Remove stale service accounts","Identity","Config","Azure ATP","5","Core","Low","Low",""
"Modify unsecure Kerberos delegations to prevent impersonation","Identity","Config","Azure ATP","5","Core","low","low",""
"Remove non-admin accounts with DCSync permissions ","Identity","Config","Azure ATP","5","Core","high","low",""
"Remove dormant Okta privileged accounts","Identity","Config","Azure ATP","5","Core","High","low",""
"High number of Okta accounts with privileged role assigned","Identity","Config","Azure ATP","5","Core","High","low",""
"Limit the Number of Okta Super Admins Accounts","Identity","Config","Azure ATP","5","Core","High","low",""
"Change password for Okta privileged User accounts","Identity","Config","Azure ATP","6","Core","Medium","medium",""
"Assign multi-factor authentication for Okta privileged user accounts","Identity","Config","Azure ATP","5","Core","Low","low",""
"Highly Privileged Okta Api Token","Identity","Config","Azure ATP","5","Core","High","medium",""
"Reduce lateral movement path risk to sensitive entities","Identity","Config","Azure ATP","5","Core","low","low",""
"Remove stale PingOne privileged accounts","Identity","Config","Azure ATP","5","Core","High","low",""
"High number of PingOne accounts with a privileged role assigned","Identity","Config","Azure ATP","5","Core","High","low",""
"Limit the number of PingOne accounts with organization admin role","Identity","Config","Azure ATP","5","Core","High","low",""
"Change password for PingOne privileged User accounts","Identity","Config","Azure ATP","6","Core","Medium","medium",""
"Assign multi-factor authentication for PingOne privileged user accounts","Identity","Config","Azure ATP","5","Core","Low","low",""
"Disable Print spooler service on domain controllers","Identity","Config","Azure ATP","5","Core","low","low",""
"Ensure privileged accounts are not delegated","Identity","Config","Azure ATP","5","Core","High","low",""
" Identify Entra ID privileged accounts that are also privileged in Active Directory","Identity","Config","Azure ATP","9","Core","High","Medium",""
"Protect and manage local admin passwords with Microsoft LAPS","Identity","Config","Azure ATP","5","Core","low","low",""
"Remove stale SailPoint privileged accounts ","Identity","Config","Azure ATP","5","Core","Medium","Medium",""
"High number of SailPoint accounts with a privileged role assigned ","Identity","Config","Azure ATP","5","Core","Medium","Medium",""
"Limit the number of SailPoint accounts with system admin role ","Identity","Config","Azure ATP","5","Core","Medium","Medium",""
"Assign multi-factor authentication for SailPoint privileged user accounts ","Identity","Config","Azure ATP","5","Core","Medium","Low",""
"Change password for SailPoint privileged User accounts ","Identity","Config","Azure ATP","5","Core","Medium","Medium",""
"Install Defender for Identity Sensor on all Domain Controllers","Identity","Config","Azure ATP","4","Core","low","high","Account Breach; Elevation of Privilege; Malicious Insider"
" Identify service accounts in privileged groups","Identity","Config","Azure ATP","7","Core","Medium","Medium",""
"Remove unsecure SID history attributes from entities","Identity","Config","Azure ATP","5","Core","low","low",""
"Rotate old password for sMSA and set up valid rotation interval in the GPO","Identity","Config","Azure ATP","6","Core","Medium","Medium",""
"Remove stale Active Directory accounts","Identity","Config","Azure ATP","5","Core","medium","low",""
"Resolve unsecure account attributes","Identity","Config","Azure ATP","5","Core","low","low",""
"Resolve unsecure domain configurations","Identity","Config","Azure ATP","5","Core","low","high",""
"Configure VPN integration","Identity","Config","Azure ATP","1","Core","low","low","Account Breach; Elevation of Privilege; Malicious Insider"
"Stop weak cipher usage","Identity","Config","Azure ATP","5","Core","low","low",""
"Ensure 'User owned apps and services' is restricted","Identity","Config","Admincenter","3","Core","Unknown","Unknown","Data Exfiltration; Account breach"
"Ensure multifactor authentication is enabled for all users in administrative roles","Identity","Config","AzureAD","10","Core","Low","Low","Password Cracking; Account Breach; Elevation of Privilege"
"Regulate cloud app access to sensitive data","Apps","Config","AppG","7","Core","moderate","low",""
"Regulate apps with priority account consent","Apps","Config","AppG","7","Core","moderate","low",""
"Enable Conditional Access policies to block legacy authentication","Identity","Config","AzureAD","8","Advanced","Moderate","Moderate","Password Cracking; Account Breach"
"Ensure the customer lockbox feature is enabled","Apps","Config","EXO","1","Advanced","Moderate","Moderate","Data Exfiltration; Data Deletion; Data Spillage"
"Ensure DLP policies are enabled","Data","Config","MIP","5","Core","High","Medium",""
"Ensure 'External sharing' of calendars is not available","Apps","Config","EXO","5","Core","High","Medium",""
"Ensure mailbox auditing for all users is Enabled","Apps","Config","EXO","3","Core",,"Unknown","Data Exfiltration; Account breach"
"Ensure MailTips are enabled for end users","Apps","Config","EXO","3","Core","Unknown","Unknown","Data Exfiltration; Account breach"
"Ensure modern authentication for Exchange Online is enabled","Identity","Config","EXO","3","Core","Unknown","Unknown","Account breach; Data Exfiltration"
"Ensure users installing Outlook add-ins is not allowed","Apps","Config","EXO","3","Core","Unknown","Unknown","Data Exfiltration; Account breach"
"Ensure that SPF records are published for all Exchange Domains","Apps","Config","EXO","5","Core",,"Unknown","Account breach; Data Exfiltration"
"Ensure additional storage providers are restricted in Outlook on the web","Apps","Config","EXO","5","Core","Unknown","Unknown","Data Exfiltration; Account breach"
"Ensure Spam confidence level (SCL) is configured in mail transport rules with specific domains","Apps","Config","EXO","3","Core","Unknown","Unknown","Data Exfiltration"
"Ensure internal phishing protection for Forms is enabled","Apps","Config","FORMS","6","Core","Unknown","Unknown","Data Exfiltration; Account breach"
"Ensure user consent to apps accessing company data on their behalf is not allowed","Identity","Config","AzureAD","4","Defense In Depth","Moderate","Low","Data Exfiltration; Data Spillage"
"Ensure Microsoft Defender for Cloud Apps is enabled and configured","Apps","Config","MCAS","5","Core",,"Unknown","Account breach; Data Exfiltration"
"Deploy a log collector to discover shadow IT activity","Apps","Config","MCAS","1","Advanced","Low","Moderate","Data Exfiltration"
"Enable multi-factor authentication (MFA)","Identity","Config","MDA_Atlassian","7","Core","Unknown","Unknown","Account breach; Data Exfiltration; Password Cracking"
"Enable Single Sing On (SSO)","Identity","Config","MDA_Atlassian","7","Core","Unknown","Unknown","Account breach; Data Exfiltration"
"Enable session timeout for web users","Identity","Config","MDA_Atlassian","6","Core","Unknown","Unknown","Account breach; Data Exfiltration"
"Atlassian mobile app security - App access requirement","Identity","Config","MDA_Atlassian","6","Core","Unknown","Unknown","Account breach; Data Exfiltration"
"Atlassian mobile app security - App data protection","Apps","Config","MDA_Atlassian","6","Core","Unknown","Unknown","Account breach; Data Exfiltration"
"Atlassian mobile app security - Users that are affected by policies","Identity","Config","MDA_Atlassian","3","Core","Unknown","Unknown","Account breach; Data Exfiltration"
"Enable Password expiration policies","Identity","Config","MDA_Atlassian","6","Core","Unknown","Unknown","Account breach; Data Exfiltration"
"Enable multi-factor authentication (MFA)","Identity","Config","MDA_CitrixSF","7","Core","Unknown","Unknown","Account breach; Data Exfiltration; Password Cracking"
"Enable Single Sign on (SSO)","Identity","Config","MDA_CitrixSF","7","Core","Unknown","Unknown","Account breach; Data Exfiltration"
"Enable session timeout for web users","Identity","Config","MDA_CitrixSF","6","Core","Unknown","Unknown","Account breach; Data Exfiltration"
"Enhance 'login maximum attempts' - Lockout timer","Identity","Config","MDA_CitrixSF","6","Core","Unknown","Unknown","Account breach; Data Exfiltration; Password Cracking"
"Enhance 'login maximum attempts' - Number of attempts","Identity","Config","MDA_CitrixSF","6","Core","Unknown","Unknown","Account breach; Data Exfiltration; Password Cracking"
"Enable password minimum length","Identity","Config","MDA_CitrixSF","4","Core","Unknown","Unknown","Account breach; Data Exfiltration; Password Cracking"
"Enable password minimum numeric characters","Identity","Config","MDA_CitrixSF","4","Core","Unknown","Unknown","Account breach; Data Exfiltration; Password Cracking"
"Enable password minimum special characters","Identity","Config","MDA_CitrixSF","4","Core","Unknown","Unknown","Account breach; Data Exfiltration; Password Cracking"
"Enable password expiration policies","Identity","Config","MDA_CitrixSF","4","Core","Unknown","Unknown","Account breach; Data Exfiltration"
"Enhance password requirements","Identity","Config","MDA_DocuSign","4","Core","Unknown","Unknown","Account breach; Data Exfiltration"
"Password expiry requirements","Identity","Config","MDA_DocuSign","4","Core","Unknown","Unknown","Account breach; Data Exfiltration"
"Enable session timeout for web users","Identity","Config","MDA_DocuSign","6","Core","Unknown","Unknown","Account breach; Data Exfiltration"
"Enable web session timeout for web users","Identity","Config","MDA_Dropbox","6","Core","Unknown","Unknown","Account breach; Data Exfiltration"
"Disable 'Allow members to view dependency insights'","Identity","Config","MDA_GitHub","4","Core","Unknown","Unknown","Data Exfiltration"
"Enabled 'email notification delivery for this enterprise is restricted to verified or approved domains'","Apps","Config","MDA_GitHub","3","Core","Unknown","Unknown","Data Exfiltration"
"Enforce IP allow list configuration for org resources","Identity","Config","MDA_GitHub","4","Core","Unknown","Unknown","Account breach; Data Exfiltration"
"Disable 'Allow repository administrators to invite outside collaborators to repositories for this organization","Identity","Config","MDA_GitHub","4","Core","Unknown","Unknown","Data Exfiltration"
"Disable private repository forking","Apps","Config","MDA_GitHub","7","Core","Unknown","Unknown","Data Exfiltration"
"Disable 'Members will be able to create public repositories, visible to anyone'","Identity","Config","MDA_GitHub","4","Core","Unknown","Unknown","Data Exfiltration"
"Disable 'members with admin permissions for repositories can delete or transfer repositories'","Identity","Config","MDA_GitHub","6","Core","Unknown","Unknown","Data Exfiltration"
"Disable 'Allow members to change repository visibilities for this organization'","Apps","Config","MDA_GitHub","6","Core","Unknown","Unknown","Data Exfiltration"
"Enable single sign on (SSO)","Identity","Config","MDA_GitHub","3","Core","Unknown","Unknown","Data Exfiltration"
"Enable multi-factor authentication (MFA)","Identity","Config","MDA_Google","7","Core","Unknown","Unknown","Account breach; Data Exfiltration"
"Adopt SSO (Single sign on) in netDocuments","Identity","Config","MDA_NetDocuments","7","Core","Unknown","Unknown","Account breach; Data Exfiltration; Password Cracking"
"Enhance password requirements","Identity","Config","MDA_Okta","4","Core","Unknown","Unknown","Account breach; Data Exfiltration; Password Cracking"
"Enable multi-factor authentication","Identity","Config","MDA_Okta","7","Core","Unknown","Unknown","Account breach; Data Exfiltration; Password Cracking"
"Password expiry requirements","Identity","Config","MDA_Okta","4","Core","Unknown","Unknown","Account breach; Data Exfiltration"
"Enable session timeout for web users","Identity","Config","MDA_Okta","6","Core","Unknown","Unknown","Account breach; Data Exfiltration"
"Remote Site","Apps","Config","MDA_SF","5","Core","Unknown","Unknown",""
"Disable Administrators Can Log In As Any User","Identity","Config","MDA_SF","3","Core","Unknown","Unknown","Account breach; Elevation of Privilege; Data Exfiltration; Data Deletion; Malicious Insider"
"Disable Caching and Autocomplete on Login Page via Session settings","Identity","Config","MDA_SF","4","Core","Unknown","Unknown",""
"Enable clickjack protection for non-Setup for Salesforce pages","Apps","Config","MDA_SF","3","Core","Unknown","Unknown",""
"Enable clickjack protection for customer VisualForce pages with standard headers","Apps","Config","MDA_SF","3","Core","Unknown","Unknown",""
"Enable clickjack protection for customer VisualForce pages with headers disabled","Apps","Config","MDA_SF","3","Core","Unknown","Unknown",""
"Enable clickjack protection for Setup pages","Apps","Config","MDA_SF","3","Core","Unknown","Unknown",""
"Enable Content Sniffing protection","Apps","Config","MDA_SF","3","Core","Unknown","Unknown",""
"Enable Content Security Policy protection for email templates","Apps","Config","MDA_SF","3","Core","Unknown","Unknown",""
"Enable CSRF protection on GET requests on non-setup pages","Apps","Config","MDA_SF","3","Core","Unknown","Unknown",""
"Enable CSRF protection on POST requests on non-setup pages","Apps","Config","MDA_SF","3","Core","Unknown","Unknown",""
"Require identity verification during multi-factor authentication (MFA) registration","Identity","Config","MDA_SF","7","Core","Unknown","Unknown","Password cracking; Account breach"
"Let users verify their identity by text (SMS)","Identity","Config","MDA_SF","7","Core","Unknown","Unknown","Account breach; Data Exfiltration; Data Deletion; Malicious Insider"
"Enforce login IP ranges on every request","Identity","Config","MDA_SF","5","Core","Unknown","Unknown",""
"Force logout on session timeout","Identity","Config","MDA_SF","7","Core","Unknown","Unknown","Account breach; Data Exfiltration; Data Deletion; Malicious Insider"
"Force (admin) relogin after Login-As-User","Identity","Config","MDA_SF","3","Core","Unknown","Unknown","Account breach; Data Exfiltration; Data Deletion; Malicious Insider"
"Require identity verification for change of email address","Identity","Config","MDA_SF","5","Core","Unknown","Unknown","Account breach; Data Exfiltration; Data Deletion; Malicious Insider"
"Lock sessions to the domain in which they were first used","Identity","Config","MDA_SF","7","Core","Unknown","Unknown","Account breach; Data Exfiltration; Data Deletion; Malicious Insider"
"Maximum invalid login attempts","Identity","Config","MDA_SF","5","Core","Unknown","Unknown","Account breach; Data Exfiltration; Data Deletion; Malicious Insider"
"Require a minimum 1 day password lifetime","Identity","Config","MDA_SF","5","Core","Unknown","Unknown",""
"Password complexity requirement","Identity","Config","MDA_SF","4","Core","Unknown","Unknown","Account breach; Data Exfiltration; Data Deletion; Malicious Insider"
"User passwords expire in 90 days or less","Identity","Config","MDA_SF","5","Core","Unknown","Unknown","Account breach; Data Exfiltration; Data Deletion; Malicious Insider"
"Enforce password history","Identity","Config","MDA_SF","4","Core","Unknown","Unknown","Account breach; Data Exfiltration; Data Deletion; Malicious Insider"
"Lockout effective period","Identity","Config","MDA_SF","7","Core","Unknown","Unknown","Account breach; Data Exfiltration; Data Deletion; Malicious Insider"
"Minimum password length","Identity","Config","MDA_SF","4","Core","Unknown","Unknown","Account breach; Data Exfiltration; Data Deletion; Malicious Insider"
"Obscure secret answer for password resets","Identity","Config","MDA_SF","3","Core","Unknown","Unknown","Account breach; Data Exfiltration; Data Deletion; Malicious Insider"
"Password question requirement","Identity","Config","MDA_SF","3","Core","Unknown","Unknown","Account breach; Data Exfiltration; Data Deletion; Malicious Insider"
"Session timeout","Identity","Config","MDA_SF","7","Core","Unknown","Unknown","Account breach; Data Exfiltration; Data Deletion; Malicious Insider"
"Require HttpOnly attribute","Apps","Config","MDA_SF","3","Core","Unknown","Unknown",""
"Enable multi-factor authentication","Identity","Config","MDA_SNOW","6","Core","Unknown","Unknown","Account breach; Data Exfiltration"
"Enable enforcing JSONv2 requests with basic authorization","Identity","Config","MDA_SNOW","5","Core","Unknown","Unknown","Account breach; Data Exfiltration"
"Enable enforcing SOAP requests with basic authorization","Identity","Config","MDA_SNOW","5","Core","Unknown","Unknown","Account breach; Data Exfiltration"
"Enable unload request authorization","Identity","Config","MDA_SNOW","6","Core","Unknown","Unknown","Account breach; Data Exfiltration"
"Enable script request authorization","Identity","Config","MDA_SNOW","4","Core","Unknown","Unknown","Account breach; Data Exfiltration"
"Enable URL allow list for cross-origin iframe communication","Apps","Config","MDA_SNOW","6","Core","Unknown","Unknown","Account breach; Data Exfiltration"
"Enable Password Reset Policy Checks","Identity","Config","MDA_SNOW","4","Core","Unknown","Unknown","Account breach; Data Exfiltration"
"Enable high security plugin","Apps","Config","MDA_SNOW","7","Core","Unknown","Unknown","Account breach; Data Exfiltration"
"Set default cache-control HTTP header value to private","Apps","Config","MDA_SNOW","6","Core","Unknown","Unknown","Account breach; Data Exfiltration"
"Disable password-less authentication","Identity","Config","MDA_SNOW","6","Core","Unknown","Unknown","Account breach; Data Exfiltration"
"Enable Contextual Security: Role Management plugin","Identity","Config","MDA_SNOW","6","Core","Unknown","Unknown","Account breach; Data Exfiltration"
"Set client-callable script includes to private","Apps","Config","MDA_SNOW","4","Core","Unknown","Unknown","Account breach; Data Exfiltration"
"Apply access control rule (ACL) validation when server-side records are accessed using GlideAjax APIs within a client script","Apps","Config","MDA_SNOW","4","Core","Unknown","Unknown","Account breach; Data Exfiltration"
"Enable client generated scripts sandbox","Apps","Config","MDA_SNOW","6","Core","Unknown","Unknown","Account breach; Data Exfiltration"
"Enable default deny with new ACL rules","Apps","Config","MDA_SNOW","5","Core","Unknown","Unknown","Account breach; Data Exfiltration"
"Enable managing failed login attempts","Identity","Config","MDA_SNOW","4","Core","Unknown","Unknown","Account breach; Data Exfiltration"
"Enable SOAP content type checking","Apps","Config","MDA_SNOW","6","Core","Unknown","Unknown","Account breach; Data Exfiltration"
"Enable SOAP request strict security","Apps","Config","MDA_SNOW","6","Core","Unknown","Unknown","Account breach; Data Exfiltration"
"Activate security jump start (ACL rules) plugin","Identity","Config","MDA_SNOW","4","Core","Unknown","Unknown","Account breach; Data Exfiltration"
"Enable session activity timeout","Identity","Config","MDA_SNOW","4","Core","Unknown","Unknown","Account breach; Data Exfiltration"
"Enable anti-CSRF token","Identity","Config","MDA_SNOW","6","Core","Unknown","Unknown","Account breach; Data Exfiltration"
"Enable absolute session timeout","Identity","Config","MDA_SNOW","4","Core","Unknown","Unknown","Account breach; Data Exfiltration"
"Adopt SSO (Single sign on) in Workplace by Meta","Identity","Config","MDA_Workplace","7","Core","Unknown","Unknown","Account breach; Data Exfiltration; Password Cracking"
"Block admins to set passwords","Identity","Config","MDA_Zendesk","3","Core","Unknown","Unknown","Account breach; Data Exfiltration"
"Block account assumption","Identity","Config","MDA_Zendesk","4","Core","Unknown","Unknown","Account breach; Data Exfiltration"
"Block customers to bypass IP restrictions","Identity","Config","MDA_Zendesk","3","Core","Unknown","Unknown","Account breach; Data Exfiltration"
"Send a notification on password change for admins, agents, and end users","Identity","Config","MDA_Zendesk","3","Core","Unknown","Unknown","Account breach; Data Exfiltration"
"Admins and agents can use the Zendesk Support mobile app","Apps","Config","MDA_Zendesk","3","Core","Unknown","Unknown","Account breach; Data Exfiltration"
"Enable IP restrictions","Identity","Config","MDA_Zendesk","3","Core","Unknown","Unknown","Account breach; Data Exfiltration"
"Enable and adopt two-factor authentication (2FA)","Identity","Config","MDA_Zendesk","7","Core","Unknown","Unknown","Account breach; Data Exfiltration; Password Cracking"
"Enable session timeout for users","Identity","Config","MDA_Zendesk","6","Core","Unknown","Unknown","Account breach; Data Exfiltration"
"Enable external Authentication (google or microsoft or SSO)","Identity","Config","MDA_Zendesk","7","Core","Unknown","Unknown","Account breach; Data Exfiltration; Password Cracking"
"Enable Zendesk authentication","Identity","Config","MDA_Zendesk","7","Core","Unknown","Unknown","Account breach; Data Exfiltration; Password Cracking"
"Block users in specific domains from joining meetings and webinars","Apps","Config","MDA_Zoom","3","Core","Unknown","Unknown","Account breach; Data Exfiltration"
"Enforce end to end encryption in all Zoom meetings","Apps","Config","MDA_Zoom","3","Core","Unknown","Unknown","Account breach; Data Exfiltration"
"Enable multi-factor authentication","Apps","Config","MDA_Zoom","7","Core","Unknown","Unknown","Account breach; Data Exfiltration"
"Enhance password requirements","Apps","Config","MDA_Zoom","4","Core","Unknown","Unknown","Account breach; Data Exfiltration"
"Enable session timeout for client users","Apps","Config","MDA_Zoom","6","Core","Unknown","Unknown","Account breach; Data Exfiltration"
"Enable session timeout for web users","Apps","Config","MDA_Zoom","6","Core","Unknown","Unknown","Account breach; Data Exfiltration"
"Ensure that no sender domains are allowed for anti-spam policies","Apps","Config","MDO","2","Core","Unknown","Medium",""
"Ensure that an anti-phishing policy has been created","Apps","Config","MDO","3","Core","Unknown","Unknown","Data Exfiltration; Account breach; Password Cracking"
"Turn on Microsoft Defender for Office 365 in SharePoint, OneDrive, and Microsoft Teams","Apps","Config","MDO","5","Core","High","Medium",""
"Set automatic email forwarding rules to be system controlled","Apps","Config","MDO","1","Core","Unknown","Medium",""
"Ensure all forms of mail forwarding are blocked and/or disabled","Apps","Config","MDO","5","Core","Unknown","Unknown","Data Exfiltration; Account breach"
"Set action to take on bulk spam detection","Apps","Config","MDO","3","Core","Unknown","Medium",""
"Set the email bulk complaint level (BCL) threshold to be 6 or lower","Apps","Config","MDO","1","Core","Unknown","Medium",""
"Ensure the Common Attachment Types Filter is enabled","Apps","Config","MDO","5","Core","High","Medium",""
"Don't add allowed IP addresses in the connection filter policy ","Apps","Config","MDO","1","Core","Unknown","Medium",""
"Enable impersonated domain protection","Apps","Config","MDO","8","Core","Unknown","Medium",""
"Ensure that mailbox intelligence is enabled","Apps","Config","MDO","8","Core","Unknown","Medium",""
"Set action to take on high confidence phishing detection","Apps","Config","MDO","5","Core","Unknown","Medium",""
"Set action to take on high confidence spam detection","Apps","Config","MDO","5","Core","Unknown","Medium",""
"Ensure that intelligence for impersonation protection is enabled","Apps","Config","MDO","8","Core","Unknown","Medium",""
"Move messages that are detected as impersonated users by mailbox intelligence","Apps","Config","MDO","8","Core","Unknown","Medium",""
"Set the phishing email level threshold at 2 or higher","Apps","Config","MDO","8","Core","Unknown","Medium",""
"Set action to take on phishing detection","Apps","Config","MDO","5","Core","Unknown","Medium",""
"Retain spam in quarantine for 30 days","Apps","Config","MDO","1","Core","Unknown","Medium",""
"Set maximum number of external recipients that a user can email per hour","Apps","Config","MDO","1","Core","Unknown","Medium",""
"Set maximum number of internal recipients that a user can send to within an hour","Apps","Config","MDO","1","Core","Unknown","Medium",""
"Set a daily message limit","Apps","Config","MDO","1","Core","Unknown","Medium",""
"Ensure Safe Attachments policy is enabled","Apps","Config","MDO","5","Core","Unknown","Unknown","Data Exfiltration; Account breach"
"Turn on Safe Attachments in block mode","Apps","Config","MDO","8","Core","High","Medium",""
"Turn on Safe Documents for Office Clients","Apps","Config","MDO","5","Core","High","Medium",""
"Create Safe Links policies for email messages","Apps","Config","MDO","9","Core","High","Medium",""
"Ensure Safe Links for Office Applications is Enabled","Apps","Config","MDO","3","Core","Unknown","Unknown","Data Exfiltration; Account breach; Password Cracking"
"Enable the domain impersonation safety tip","Apps","Config","MDO","3","Core","Unknown","Medium",""
"Enable the user impersonation safety tip","Apps","Config","MDO","3","Core","Unknown","Medium",""
"Ensure Exchange Online Spam Policies are set to notify administrators","Apps","Config","MDO","3","Core","Unknown","Unknown","Data Exfiltration; Password Cracking; Account breach"
"Set action to take on spam detection","Apps","Config","MDO","5","Core","Unknown","Medium",""
"Quarantine messages that are detected from impersonated domains","Apps","Config","MDO","6","Core","Unknown","Medium",""
"Quarantine messages that are detected from impersonated users","Apps","Config","MDO","6","Core","Unknown","Medium",""
"Enable impersonated user protection","Apps","Config","MDO","8","Core","Unknown","Medium",""
"Block users who reached the message limit","Apps","Config","MDO","1","Core","Unknown","Medium",""
"Enable the user impersonation unusual characters safety tip ","Apps","Config","MDO","3","Core","Unknown","Medium",""
"Create zero-hour auto purge policies for malware","Apps","Config","MDO","6","Core","High","Medium",""
"Create zero-hour auto purge policies for phishing messages","Apps","Config","MDO","3","Core","High","Medium",""
"Create zero-hour auto purge policies for spam messages","Apps","Config","MDO","1","Core","High","Medium",""
"Restrict anonymous users from starting Teams meetings","Apps","Config","MS Teams","1","Core","low","low",""
"Only invited users should be automatically admitted to Teams meetings","Apps","Config","MS Teams","2","Core","low","low",""
"Configure which users are allowed to present in Teams meetings","Apps","Config","MS Teams","2","Core","low","low",""
"Limit external participants from having control in a Teams meeting","Apps","Config","MS Teams","1","Core","low","low",""
"Restrict dial-in users from bypassing a meeting lobby ","Apps","Config","MS Teams","1","Core","low","low",""
"Restrict anonymous users from joining meetings","Apps","Config","MS Teams","1","Core","low","low","Data Exfiltration; Account Breach"
"Ensure multifactor authentication is enabled for all users","Identity","Config","AzureAD","9","Core","High","High","Password Cracking; Account Breach"
"Ensure that Auto-labeling data classification policies are set up and used","Data","Config","MIP","1","Core","High","Medium",""
"Ensure DLP policies are enabled for Microsoft Teams","Apps","Config","MIP","3","Core","Unknown","Unknown","Data Exfiltration"
"Ensure Office 365 Management Activity API is Enabled for some workloads (see description)","Apps","Config","MIP","3","Core",,"Unknown","Account breach; Data Exfiltration"
"Extend M365 sensitivity labeling to assets in Microsoft Purview data map","Data","Config","MIP","1","Core","High","Medium",""
"Ensure Microsoft 365 audit log search is Enabled","Apps","Config","MIP","3","Core",,"Unknown","Data Exfiltration; Account breach"
"Publish M365 sensitivity label data classification policies","Data","Config","MIP","2","Core","High","Medium",""
"Designate more than one global admin","Identity","Behavior","AzureAD","1","Core","Low","Low","Elevation of Privilege; Account Breach"
"Ensure that password hash sync is enabled for hybrid deployments","Identity","Config","AzureAD","5","Core","Low","Low","Password Cracking; Account Breach"
"Ensure the 'Password expiration policy' is set to 'Set passwords to never expire (recommended)'","Identity","Config","AzureAD","8","Defense In Depth","Moderate","Low","Password Cracking; Account Breach"
"Use least privileged administrative roles","Identity","Behavior","AzureAD","1","Defense In Depth","Low","Low","Account Breach; Elevation of Privilege; Malicious Insider"
"Disable JavaScript on Adobe Reader 2015","Device","Config","MDATP","5","Core","Unknown","Unknown",""
"Disable JavaScript on Adobe 2015","Device","Config","MDATP","5","Core","Unknown","Unknown",""
"Enable 'Local Security Authority (LSA) protection' on Windows 11 22h2 and higher","Device","Config","MDATP","8","Core","Unknown","Unknown",""
"Require LDAP client signing to prevent tampering and protect directory authentication","Device","Config","MDATP","7","Core","Unknown","Unknown",""
"Encrypt LDAP client traffic to protect sensitive data in transit","Device","Config","MDATP","7","Core","Unknown","Unknown",""
"Enforce LDAP channel binding to protect authentication sessions from interception","Device","Config","MDATP","7","Core","Unknown","Unknown",""
"Require LDAP server signing to ensure integrity of directory traffic","Device","Config","MDATP","8","Core","Unknown","Unknown",""
"Block outbound network connections from Microsoft HTML Application Host (mshta.exe)","Device","Config","MDATP","8","Core","Unknown","Unknown",""
"Disable Remote Registry Service on Windows","Device","Config","MDATP","8","Core","Unknown","Unknown",""
"Disable NTLM authentication for Windows","Device","Config","MDATP","8","Core","Unknown","Unknown",""
"Block file transfer over RDP","Device","Config","MDATP","7","Core","Unknown","Unknown",""
"SMB server security hardening against authentication relay attacks","Device","Config","MDATP","8","Core","Unknown","Unknown",""
"Ensure devices are updated to Secure Boot 2023 certificates and boot manager","Device","Config","MDATP","7","Core","Unknown","Unknown",""
"Reduce unnecessary inbound internet exposure on internet-facing devices","Device","Config","MDATP","7","Core","Unknown","Unknown",""
"Enable Automatic Updates","Device","Config","MDATP","5","Core","Unknown","Unknown",""
"Enable 'Hide Option to Enable or Disable Updates'","Device","Config","MDATP","5","Core","Unknown","Unknown",""
"Disable 'Allow running plugins that are outdated'","Device","Config","MDATP","8","Core","Unknown","Unknown",""
"Disable 'Continue running background apps when Google Chrome is closed'","Device","Config","MDATP","5","Core","Unknown","Unknown",""
"Disable 'AutoFill'","Device","Config","MDATP","5","Core","Unknown","Unknown",""
"Turn on Microsoft Defender for Endpoint sensor","Device","Config","MDATP","10","Core","Unknown","Unknown",""
"Fix Microsoft Defender for Endpoint sensor data collection","Device","Config","MDATP","10","Core","Unknown","Unknown",""
"Fix Microsoft Defender for Endpoint impaired communications","Device","Config","MDATP","10","Core","Unknown","Unknown",""
"Turn on Tamper Protection","Device","Config","MDATP","8","Core","Unknown","Unknown",""
"Enable EDR in block mode","Device","Config","MDATP","8","Core","Unknown","Unknown",""
"Turn on Microsoft Defender Antivirus","Device","Config","MDATP","10","Core","Unknown","Unknown",""
"Update Microsoft Defender Antivirus definitions","Device","Config","MDATP","9","Core","Unknown","Unknown",""
"Turn on real-time protection","Device","Config","MDATP","10","Core","Unknown","Unknown",""
"Turn on PUA protection in block mode","Device","Config","MDATP","9","Core","Unknown","Unknown",""
"Fix Windows Defender Antivirus cloud service connectivity","Device","Config","MDATP","8","Core","Unknown","Unknown",""
"Enable cloud-delivered protection","Device","Config","MDATP","8","Core","Unknown","Unknown",""
"Turn on all system-level Exploit protection settings","Device","Config","MDATP","8","Core","Unknown","Unknown",""
"Set controlled folder access to enabled or audit mode","Device","Config","MDATP","8","Core","Unknown","Unknown",""
"Update Microsoft Defender for Endpoint core components","Device","Config","MDATP","10","Core","Unknown","Unknown",""
"Set Microsoft Defender SmartScreen app and file checking to block or warn","Device","Config","MDATP","9","Core","Unknown","Unknown",""
"Set Microsoft Defender SmartScreen Microsoft Edge site and download checking to block or warn","Device","Config","MDATP","9","Core","Unknown","Unknown",""
"Turn on Microsoft Defender Firewall","Device","Config","MDATP","10","Core","Unknown","Unknown",""
"Secure Microsoft Defender Firewall domain profile","Device","Config","MDATP","9","Core","Unknown","Unknown",""
"Secure Microsoft Defender firewall private profile","Device","Config","MDATP","9","Core","Unknown","Unknown",""
"Secure Microsoft Defender Firewall public profile","Device","Config","MDATP","9","Core","Unknown","Unknown",""
"Turn on Microsoft Defender Credential Guard","Device","Config","MDATP","8","Core","Unknown","Unknown",""
"Encrypt all BitLocker-supported drives","Device","Config","MDATP","9","Core","Unknown","Unknown",""
"Resume BitLocker protection on all drives","Device","Config","MDATP","9","Core","Unknown","Unknown",""
"Ensure BitLocker drive compatibility","Device","Config","MDATP","8","Core","Unknown","Unknown",""
"Block webpages from automatically running Flash plugins","Device","Config","MDATP","5","Core","Unknown","Unknown",""
"Enable UEFI Secure Boot mode","Device","Config","MDATP","9","Core","Unknown","Unknown",""
"Disable 'Password Manager'","Device","Config","MDATP","5","Core","Unknown","Unknown",""
"Enable 'Block third party cookies'","Device","Config","MDATP","2","Core","Unknown","Unknown",""
"Set 'Remote Desktop security level' to 'TLS'","Device","Config","MDATP","8","Core","Unknown","Unknown",""
"Enable 'Local Security Authority (LSA) protection'","Device","Config","MDATP","8","Core","Unknown","Unknown",""
"Block executable content from email client and webmail","Device","Config","MDATP","9","Core","Unknown","Unknown",""
"Block all Office applications from creating child processes","Device","Config","MDATP","9","Core","Unknown","Unknown",""
"Block Office applications from creating executable content","Device","Config","MDATP","9","Core","Unknown","Unknown",""
"Block Office applications from injecting code into other processes","Device","Config","MDATP","9","Core","Unknown","Unknown",""
"Block JavaScript or VBScript from launching downloaded executable content","Device","Config","MDATP","9","Core","Unknown","Unknown",""
"Block execution of potentially obfuscated scripts","Device","Config","MDATP","9","Core","Unknown","Unknown",""
"Block Win32 API calls from Office macros","Device","Config","MDATP","9","Core","Unknown","Unknown",""
"Block executable files from running unless they meet a prevalence, age, or trusted list criterion","Device","Config","MDATP","9","Core","Unknown","Unknown",""
"Use advanced protection against ransomware","Device","Config","MDATP","9","Core","Unknown","Unknown",""
"Block credential stealing from the Windows local security authority subsystem (lsass.exe)","Device","Config","MDATP","9","Core","Unknown","Unknown",""
"Block process creations originating from PSExec and WMI commands","Device","Config","MDATP","9","Core","Unknown","Unknown",""
"Block untrusted and unsigned processes that run from USB","Device","Config","MDATP","9","Core","Unknown","Unknown",""
"Block Office communication application from creating child processes","Device","Config","MDATP","9","Core","Unknown","Unknown",""
"Block Adobe Reader from creating child processes","Device","Config","MDATP","9","Core","Unknown","Unknown",""
"Block persistence through WMI event subscription","Device","Config","MDATP","9","Core","Unknown","Unknown",""
"Block abuse of exploited vulnerable signed drivers","Device","Config","MDATP","9","Core","Unknown","Unknown",""
"Block Webshell creation for Servers","Device","Config","MDATP","9","Core","Unknown","Unknown",""
"Block use of copied or impersonated system tools","Device","Config","MDATP","9","Core","Unknown","Unknown",""
"Block rebooting machine in Safe Mode","Device","Config","MDATP","9","Core","Unknown","Unknown",""
"Enable 'Safe DLL Search Mode'","Device","Config","MDATP","8","Core","Unknown","Unknown",""
"Set User Account Control (UAC) to automatically deny elevation requests","Device","Config","MDATP","8","Core","Unknown","Unknown",""
"Set 'Interactive logon: Machine inactivity limit' to '1-900 seconds'","Device","Config","MDATP","5","Core","Unknown","Unknown",""
"Disable 'Enumerate administrator accounts on elevation'","Device","Config","MDATP","8","Core","Unknown","Unknown",""
"Disable 'Insecure guest logons' in SMB","Device","Config","MDATP","8","Core","Unknown","Unknown",""
"Fix unquoted service path for Windows services","Device","Config","MDATP","8","Core","Unknown","Unknown",""
"Change service executable path to a common protected location","Device","Config","MDATP","8","Core","Unknown","Unknown",""
"Change service account to avoid cached password in windows registry","Device","Config","MDATP","8","Core","Unknown","Unknown",""
"Disable the built-in Administrator account","Device","Config","MDATP","8","Core","Unknown","Unknown",""
"Disable the built-in Guest account","Device","Config","MDATP","8","Core","Unknown","Unknown",""
"Set 'Minimum password length' to '14 or more characters'","Device","Config","MDATP","5","Core","Unknown","Unknown",""
"Set 'Enforce password history' to '24 or more password(s)'","Device","Config","MDATP","5","Core","Unknown","Unknown",""
"Set 'Maximum password age' to '60 or fewer days, but not 0'","Device","Config","MDATP","5","Core","Unknown","Unknown",""
"Set 'Minimum password age' to '1 or more day(s)'","Device","Config","MDATP","5","Core","Unknown","Unknown",""
"Enable 'Domain member: Require strong (Windows 2000 or later) session key'","Device","Config","MDATP","5","Core","Unknown","Unknown",""
"Enable 'Domain member: Digitally encrypt or sign secure channel data (always)'","Device","Config","MDATP","5","Core","Unknown","Unknown",""
"Enable Set 'Domain member: Digitally encrypt secure channel data (when possible)'","Device","Config","MDATP","5","Core","Unknown","Unknown",""
"Enable 'Domain member: Digitally sign secure channel data (when possible)'","Device","Config","MDATP","5","Core","Unknown","Unknown",""
"Disable 'Domain member: Disable machine account password changes'","Device","Config","MDATP","2","Core","Unknown","Unknown",""
"Disallow offline access to shares","Device","Config","MDATP","8","Core","Unknown","Unknown",""
"Remove share write permission set to ‘Everyone’","Device","Config","MDATP","8","Core","Unknown","Unknown",""
"Remove shares from the root folder","Device","Config","MDATP","8","Core","Unknown","Unknown",""
"Set folder access-based enumeration for shares","Device","Config","MDATP","8","Core","Unknown","Unknown",""
"Set 'Account lockout duration' to 15 minutes or more","Device","Config","MDATP","6","Core","Unknown","Unknown",""
"Set 'Reset account lockout counter after' to 15 minutes or more","Device","Config","MDATP","6","Core","Unknown","Unknown",""
"Disable Microsoft Defender Firewall notifications when programs are blocked for Domain profile","Device","Config","MDATP","2","Core","Unknown","Unknown",""
"Set 'Account lockout threshold' to 1-10 invalid login attempts","Device","Config","MDATP","6","Core","Unknown","Unknown",""
"Set user authentication for remote connections by using Network Level Authentication to 'Enabled'","Device","Config","MDATP","5","Core","Unknown","Unknown",""
"Disable Microsoft Defender Firewall notifications when programs are blocked for Private profile","Device","Config","MDATP","2","Core","Unknown","Unknown",""
"Disable Microsoft Defender Firewall notifications when programs are blocked for Public profile","Device","Config","MDATP","2","Core","Unknown","Unknown",""
"Disable merging of local Microsoft Defender Firewall rules with group policy firewall rules for the Public profile","Device","Config","MDATP","5","Core","Unknown","Unknown",""
"Fix Microsoft Defender for Endpoint sensor data collection in macOS","Device","Config","MDATP","10","Core","Unknown","Unknown",""
"Fix Microsoft Defender for Endpoint impaired communications in macOS","Device","Config","MDATP","10","Core","Unknown","Unknown",""
"Set minimum password length to 15 or more characters in macOS","Device","Config","MDATP","6","Core","Unknown","Unknown",""
"Set 'Enforce password history' to '24 or more password(s)' in macOS","Device","Config","MDATP","5","Core","Unknown","Unknown",""
"Set 'Maximum password age' to '90 or fewer days, but not 0' in macOS","Device","Config","MDATP","5","Core","Unknown","Unknown",""
"Set account lockout threshold to 5 or lower in macOS","Device","Config","MDATP","7","Core","Unknown","Unknown",""
"Turn on Firewall in macOS","Device","Config","MDATP","10","Core","Unknown","Unknown",""
"Enable Gatekeeper in macOS","Device","Config","MDATP","8","Core","Unknown","Unknown",""
"Enable System Integrity Protection (SIP) in macOS","Device","Config","MDATP","7","Core","Unknown","Unknown",""
"Enable FileVault Disk Encryption in macOS","Device","Config","MDATP","7","Core","Unknown","Unknown",""
"Ensure screensaver is set to start in 20 minutes or less in macOS","Device","Config","MDATP","5","Core","Unknown","Unknown",""
"Secure Home Folders in macOS","Device","Config","MDATP","6","Core","Unknown","Unknown",""
"Turn on Microsoft Defender Antivirus real-time protection in macOS","Device","Config","MDATP","10","Core","Unknown","Unknown",""
"Turn on Microsoft Defender Antivirus PUA protection in block mode in macOS","Device","Config","MDATP","9","Core","Unknown","Unknown",""
"Turn on Tamper Protection for MacOS","Device","Config","MDATP","8","Core","Unknown","Unknown",""
"Enable Microsoft Defender Antivirus real-time behavior monitoring in macOS","Device","Config","MDATP","5","Core","Unknown","Unknown",""
"Enable Microsoft Defender Antivirus cloud-delivered protection in macOS","Device","Config","MDATP","8","Core","Unknown","Unknown",""
"Update Microsoft Defender Antivirus definitions in macOS","Device","Config","MDATP","9","Core","Unknown","Unknown",""
"Disable merging of local Microsoft Defender Firewall connection rules with group policy firewall rules for the Public profile","Device","Config","MDATP","5","Core","Unknown","Unknown",""
"Enable 'Apply UAC restrictions to local accounts on network logons'","Device","Config","MDATP","5","Core","Unknown","Unknown",""
"Disable SMBv1 client driver","Device","Config","MDATP","8","Core","Unknown","Unknown",""
"Disable SMBv1 server","Device","Config","MDATP","8","Core","Unknown","Unknown",""
"Disable 'Network access: Let Everyone permissions apply to anonymous users'","Device","Config","MDATP","5","Core","Unknown","Unknown",""
"Disable 'WDigest Authentication'","Device","Config","MDATP","5","Core","Unknown","Unknown",""
"Disable 'Installation and configuration of Network Bridge on your DNS domain network'","Device","Config","MDATP","5","Core","Unknown","Unknown",""
"Enable 'Require domain users to elevate when setting a network's location'","Device","Config","MDATP","2","Core","Unknown","Unknown",""
"Prohibit use of Internet Connection Sharing on your DNS domain network","Device","Config","MDATP","5","Core","Unknown","Unknown",""
"Fix Microsoft Defender for Endpoint sensor data collection for Linux","Device","Config","MDATP","10","Core","Unknown","Unknown",""
"Fix Microsoft Defender for Endpoint impaired communications for Linux","Device","Config","MDATP","10","Core","Unknown","Unknown",""
"Unrestricted Access Accounts for Linux","Device","Config","MDATP","6","Core","Unknown","Unknown",""
"Turn on Microsoft Defender Antivirus real-time protection for Linux","Device","Config","MDATP","10","Core","Unknown","Unknown",""
"Turn on Microsoft Defender Antivirus PUA protection in block mode for Linux","Device","Config","MDATP","9","Core","Unknown","Unknown",""
"Turn on Microsoft Defender Antivirus Tamper Protection for Linux","Device","Config","MDATP","8","Core","Unknown","Unknown",""
"Enable Microsoft Defender Antivirus real-time behavior monitoring for Linux","Device","Config","MDATP","5","Core","Unknown","Unknown",""
"Enable Microsoft Defender Antivirus cloud-delivered protection for Linux","Device","Config","MDATP","8","Core","Unknown","Unknown",""
"Update Microsoft Defender Antivirus definitions for Linux","Device","Config","MDATP","9","Core","Unknown","Unknown",""
"Set 'Minimum PIN length for startup' to '6 or more characters'","Device","Config","MDATP","5","Core","Unknown","Unknown",""
"Enable 'Microsoft Defender for Endpoint Plug-in for WSL'","Device","Config","MDATP","5","Core","Unknown","Unknown",""
"Turn off custom kernel/commandline in Windows Subsystem for Linux","Device","Config","MDATP","5","Core","Unknown","Unknown",""
"Enable 'Require additional authentication at startup'","Device","Config","MDATP","8","Core","Unknown","Unknown",""
"Disable 'Configure Offer Remote Assistance'","Device","Config","MDATP","5","Core","Unknown","Unknown",""
"Restrict anonymous access to named pipes and Shares","Device","Config","MDATP","8","Core","Unknown","Unknown",""
"Disable 'Store LAN Manager hash value on next password change'","Device","Config","MDATP","8","Core","Unknown","Unknown",""
"Disable 'Always install with elevated privileges'","Device","Config","MDATP","8","Core","Unknown","Unknown",""
"Disable 'Autoplay for non-volume devices'","Device","Config","MDATP","5","Core","Unknown","Unknown",""
"Disable 'Anonymous enumeration of SAM accounts'","Device","Config","MDATP","8","Core","Unknown","Unknown",""
"Disable 'Autoplay' for all drives","Device","Config","MDATP","8","Core","Unknown","Unknown",""
"Set default behavior for 'AutoRun' to 'Enabled: Do not execute any autorun commands'","Device","Config","MDATP","8","Core","Unknown","Unknown",""
"Enable 'Limit local account use of blank passwords to console logon only'","Device","Config","MDATP","5","Core","Unknown","Unknown",""
"Set LAN Manager authentication level to 'Send NTLMv2 response only. Refuse LM & NTLM'","Device","Config","MDATP","8","Core","Unknown","Unknown",""
"Disable 'Allow Basic authentication' for WinRM Client","Device","Config","MDATP","8","Core","Unknown","Unknown",""
"Disable 'Allow Basic authentication' for WinRM Service","Device","Config","MDATP","8","Core","Unknown","Unknown",""
"Disable Flash on Adobe Reader DC","Device","Config","MDATP","5","Core","Unknown","Unknown",""
"Disable JavaScript on Adobe Reader DC","Device","Config","MDATP","5","Core","Unknown","Unknown",""
"Disable Flash on Adobe Acrobat Pro XI","Device","Config","MDATP","5","Core","Unknown","Unknown",""
"Disable JavaScript on Adobe Acrobat Pro XI","Device","Config","MDATP","5","Core","Unknown","Unknown",""
"Disable running or installing downloaded software with invalid signature","Device","Config","MDATP","5","Core","Unknown","Unknown",""
"Block Flash activation in Office documents","Device","Config","MDATP","5","Core","Unknown","Unknown",""
"Set IPv6 source routing to highest protection","Device","Config","MDATP","5","Core","Unknown","Unknown",""
"Disable IP source routing","Device","Config","MDATP","5","Core","Unknown","Unknown",""
"Enable Explorer Data Execution Prevention (DEP)","Device","Config","MDATP","5","Core","Unknown","Unknown",""
"Block outdated ActiveX controls for Internet Explorer","Device","Config","MDATP","5","Core","Unknown","Unknown",""
"Disable Solicited Remote Assistance","Device","Config","MDATP","8","Core","Unknown","Unknown",""
"Disable Anonymous enumeration of shares","Device","Config","MDATP","8","Core","Unknown","Unknown",""
"Enable scanning of removable drives during a full scan","Device","Config","MDATP","8","Core","Unknown","Unknown",""
"Enable 'Local Machine Zone Lockdown Security'","Device","Config","MDATP","5","Core","Unknown","Unknown",""
"Enable Microsoft Defender Antivirus email scanning","Device","Config","MDATP","9","Core","Unknown","Unknown",""
"Enable Microsoft Defender Antivirus real-time behavior monitoring","Device","Config","MDATP","5","Core","Unknown","Unknown",""
"Enable Microsoft Defender Antivirus scanning of downloaded files and attachments","Device","Config","MDATP","10","Core","Unknown","Unknown",""
"Disable the local storage of passwords and credentials","Device","Config","MDATP","5","Core","Unknown","Unknown",""
"Disable sending unencrypted password to third-party SMB servers","Device","Config","MDATP","5","Core","Unknown","Unknown",""
"Enable 'Microsoft network client: Digitally sign communications (always)'","Device","Config","MDATP","5","Core","Unknown","Unknown",""
"Enable 'Network Protection'","Device","Config","MDATP","8","Core","Unknown","Unknown",""
"Disable JavaScript on Adobe DC","Device","Config","MDATP","5","Core","Unknown","Unknown",""
"Disable JavaScript on Adobe Reader 2017","Device","Config","MDATP","5","Core","Unknown","Unknown",""
"Disable JavaScript on Adobe Acrobat 2017","Device","Config","MDATP","5","Core","Unknown","Unknown",""
"Ensure 'Self service password reset enabled' is set to 'All'","Identity","Config","AzureAD","1","Defense In Depth","Moderate","Moderate","Password Cracking; Account Breach"
"Enable Microsoft Entra ID Identity Protection sign-in risk policies","Identity","Config","AzureAD","7","Advanced","Moderate","Moderate","Password Cracking; Account Breach"
"Block OneDrive for Business sync from unmanaged devices","Apps","Config","SPO","3","Core","Unknown","Unknown","Data Exfiltration"
"Ensure SharePoint external sharing is managed through domain whitelist/blacklists","Apps","Config","SPO","3","Core","Unknown","Unknown","Data Exfiltration; Account breach"
"Ensure that SharePoint guest users cannot share items they don't own","Identity","Config","SPO","3","Core","Unknown","Unknown","Data Exfiltration"
"Sign out inactive users in SharePoint Online","Identity","Config","SPO","1","Core","Unknown","Unknown",""
"Ensure modern authentication for SharePoint applications is required","Identity","Config","SPO","1","Core","Unknown","Unknown",""
"Ensure that Sways cannot be shared with people outside of your organization","Apps","Config","SWAY","3","Core","Unknown","Unknown","Data Exfiltration; Account breach"
"Enable Microsoft Entra ID Identity Protection user risk policies","Identity","Config","AzureAD","7","Advanced","Moderate","Moderate","Password Cracking; Account Breach"
